,Unnamed: 0,channel_id,channel_title,description,view_count,subscriber_count,video_count,created_time,uploads,other_links
0,0,UCn_l37ETRGxVsVqPAZM-y7w,Onkiify,"Ahoy! Gamers What is Up it's your Boi Onkiify.
I'm a Content Creator for WWE Undefeated and WWE 2K22
SUBSCRIBE And Turn On The Notification For Some Fun Videos
For Business inquires: pinroad47developer@gmail.com
",1443714,4820,193,2017-05-18T17:27:05Z,UUn_l37ETRGxVsVqPAZM-y7w,"['https://www.youtube.com/redirect?event=channel_description&redir_token=QUFFLUhqbHFKZll1SFZfWjhQdFRPeUFVel9ud2J4SHFkQXxBQ3Jtc0ttbG5GbVM3WjNHUkZ1QzdpWTFUdDFFRVNSbkNITEU0NzNZa3l5LWpBYUF4aW5Fb2VoNy1sOUR0SFJTeTN6aWgyTXhMb0gtel9HZXFVWk5xall4NE1fTmw1bkFZWnpHbnJ6NV9uQzVUS2lmYk0xdXh6MA&q=https%3A%2F%2Ftwitter.com%2Ficaniwill47', 'https://www.youtube.com/redirect?event=channel_description&redir_token=QUFFLUhqa2hKcmRLb3JQeWdXc0l3YS01X2RJeUJuTjVPd3xBQ3Jtc0tuNEI0SkhBSldNX1dqTFp0QjVzTlhHSHJaTG9LZUM0anRoWGctRkdUNjgxWlFLTTFjR1pEUkZ1bFdlMVlJdnFBVTVHV0J5QThPdVE4RzRqbzdhT05hXzVzSjAyLUExRHZYTERheVRBTzBpQ3JQWUtkWQ&q=https%3A%2F%2Fwww.instagram.com%2F_onkar_29%2F']"
1,1,UCg3811K2k6ZW0T9wrUyq7UQ,Boyzz World Gaming,"Sup Guys
                 I'm just a Weirdo Who Loves Watching Anime

Anime= Love ‚ù§Ô∏è
Sub If You Agree!! 
                                 
                      



",761326,1690,196,2020-09-07T06:42:54.28756Z,UUg3811K2k6ZW0T9wrUyq7UQ,['https://www.youtube.com/redirect?event=channel_description&redir_token=QUFFLUhqa29pZ2pUMzA4OHVvajBCVnNSWjhqTURBbHdCZ3xBQ3Jtc0tsNVJFMGkyZ2dnN21BbUdvcE5mS05ZSklSb2JZWHdKOHZ4b1p3U3NHaTV1Z3dTdkF4aU5XRzhiWU9NU0V2U0FVZzM5OE1LR0Q5NUw5RlBJb1M0Tkt3OU5PM28xV2VzaWxyUHc0Wm1ram91VWlnREhqZw&q=https%3A%2F%2Finstagram.com%2Fdhanurved_dass%3Figshid%3DZDdkNTZiNTM%3D']
2,2,UCO1-i4iqe_Kg0B-nwt5W0Gg,Majnu Gaming,"Hello Gamer's üòç

Hello Family, 
Mera Name Hai Majnu, (Deepak Singh), 
I'm Free Fire Player, 
Free Fire Video Creater, Entertainment Video Creater, Funny Video Creater, Fact Video Creater, 

Hindi Commentry, 
Thanks For Support

My Dream :+1M Family 
Jaldi Se Complete Karba Do

My Birthday :+ Diwali 

_________LIKE____
____SUBSCRIBE_____
_________SHARE_____



",290799,4690,468,2021-05-28T08:27:39.183399Z,UUO1-i4iqe_Kg0B-nwt5W0Gg,"['https://www.youtube.com/redirect?event=channel_description&redir_token=QUFFLUhqbk9vNHdKR2t0T1pKYjFaWmdsSlIxaXhObTIxUXxBQ3Jtc0trdFJjdnlZbERISERfdkN1RVZuV29hWUhybWhzYVl4V2ZuRXhVUldEcnN6M1FjU1hiTTQzS2EtWjYxN1puV05lMk42TGtPaWtkVTcyY0cwaHQ3bGZycXIzQzF5by12OG5UNjRvRTJkSENlZzZldWNGOA&q=https%3A%2F%2Fwww.facebook.com%2Fdeepakkumarsingh.deepak.3572', 'https://www.youtube.com/redirect?event=channel_description&redir_token=QUFFLUhqbjVEUGZNTlpiVEZpTG1qcjhudGtUSEItR2RqZ3xBQ3Jtc0ttWk9CXzF6X0REblVNclpLRFN0clo2ZWFWdWdqNW96clU1QjNwcUQ2dEtkLWY5Y0p1ZTRRMmlPMjQxR2RsQzRJWThxbWZ0eVMzcU5SSDZNYU05OFpwdDQ1TFVyZEJiT0NEZWlHNjluN25JWHdOS0dRbw&q=https%3A%2F%2Finstagram.com%2Fmajnu_gaming94%3Figshid%3DYmMyMTA2M2Y%3D']"
3,3,UC6AhmVhClcDx2RPsFFw_fAA,SELEM YT,"
AGAR AAP LOG FREE FIRE LOVER‚ù§Ô∏è HO TO MERA CHANNEL KO SUBSCRIBE KAR DO PLEASE üòä‚ò∫Ô∏è

‡§Ö‡§ó‡§∞ ‡§Ü‡§™ ‡§≤‡•ã‡§ó ‡§´‡•ç‡§∞‡•Ä ‡§´‡§æ‡§Ø‡§∞ ‡§≤‡§µ‡§∞ ‡§π‡•ã ‡§§‡•ã ‡§Æ‡•á‡§∞‡§æ ‡§ö‡•à‡§®‡§≤ ‡§ï‡•ã ‡§∏‡§¨‡•ç‡§∏‡§ï‡•ç‡§∞‡§æ‡§á‡§¨ ‡§ï‡§∞‡•á‡§Ç ‡§™‡•ç‡§≤‡•Ä‡§ú 

SUPPORT KA BAHUT JYADA JARURI HA PLEASE KAR DENA YAAR üòä‚ò∫Ô∏è 

‡§∏‡§Æ‡§∞‡•ç‡§•‡§® ‡§ï‡§æ ‡§¨‡§π‡•Å‡§§ ‡§ú‡•ç‡§Ø‡§æ‡§¶‡§æ ‡§ú‡§∞‡•Å‡§∞‡•Ä ‡§π‡§æ ‡§ï‡•É‡§™‡§Ø‡§æ ‡§ï‡§∞ ‡§¶‡•á‡§®‡§æ ‡§Ø‡§æ‡§∞ üòîüòî

1k Subscriber‚òëÔ∏è

 5k Subscriber‚òëÔ∏è

10k Subscriber‚òëÔ∏è

 20k Subscriber‚òëÔ∏è

  30k Subscriber‚òëÔ∏è

   40k Subscriber‚òëÔ∏è

    50k Subscriber‚òëÔ∏è
       
     100k Subscriber‚òëÔ∏è

       1 MILLION ‚ùå???ü§î

LOVE YOU ‚ù§Ô∏è FREE FIRE ALL FAMILY üòä‚ò∫Ô∏èüòä

FREE FIRE KHELO AUR KHELTE RAHO MY ALL FAMILY üòç ",6427859,133000,339,2021-03-03T00:59:54.797482Z,UU6AhmVhClcDx2RPsFFw_fAA,[]
4,4,UC5v-gTzCpaY257sxx-8P_-Q,Paglaa Tech,"1000 subscribers - 31/12/2021
10000 subscribers - 11/10/2022
20000 subscribers - 25/10/2022
30000 subscribers - 16/12/2022
40000 subscribers - 23/12/2022
50000 subscribers - 01/01/2023
60000 subscribers - 14/01/2023
70000 subscribers - 18/01/2023
80000 subscribers - 22/01/2023
90000 subscribers - 29/01/2023
100000 subscribers - 06/02/2023
",17097445,147000,184,2016-05-16T16:06:36Z,UU5v-gTzCpaY257sxx-8P_-Q,[]
5,5,UCHOrSFKttbAKpcyjnBfVqkw,Prabhat Gamer,"Hi guys I am Prabhat from Uttarakhand‚ù§Ô∏è
üé¨This is a Official Gaming Channel Of.
  üíó PRABHAT GAMER üî•

üòò WELCOME TO OUR YT CHANNEL
 [PRABHAT GAMERüî•]


üëâIF YOU ARE A REAL GAMING LOVER SO DON'T FORGET TO.
üíóBE A FAMILY MEMBER OF
[PRABHAT GAMER]

  üëâSo Don't Forget To,

     üëçLike
     üë• Share
     üíó Subscribe 
üéà[Most important]üéâ

üëâIn This Channel You will Get Important & Interesting Gaming video's of Free Fire Community Daily.

‚ú® Game Name = Free Fire [Garena]

üëâOur video category [Free Fire]üé¨

‚óæ Unknown & mysterious fact of Free Fire üî•
‚óæ Free Fire Update
‚óæ YouTube Shorts Videos
‚óæ Gameplay Video
‚óæ Giveaways
‚óæ Funny gameplay
‚óæ Best shayari
‚óæ Funny moments


üëâIf You Are Interested in these topic so don't Forget To [subscribe] Our channel.

 For business inquiries -  PrabhatBrand1@gmail.com

‚ö´ Thanks For visit
‚ö´Keep Loving Keep support

‚óæ Thanks to ALLüíóüòò
",154045275,2150000,249,2022-05-22T13:37:27.30071Z,UUHOrSFKttbAKpcyjnBfVqkw,[]
6,6,UCQRSY8W2A1DST5qtm8NNhMA,SUBHAM HORE,"So Hey Guys...!
SUBHAM HORE Hare And Welcome To My YouTube Channel.

Thanks For Loving Support...üòç
Paid Promotion‚ûû subhamhore8@gmail.com",53777584,1110000,1072,2019-09-22T03:47:52Z,UUQRSY8W2A1DST5qtm8NNhMA,[]
7,7,UC2IuURiiASwNigfQJtXiRdQ,SILENT GIRL GAMING,"üîîüîî bell all pe set karlo üîîüîîplz
‚ù§Ô∏èMy name =Anisa

üëâgame name=silent¬∞girl
üòòFree fire uid=1349809239
‚úåÔ∏èMake a funny and tips-
 trick sad free fire videos.
ü•∫Bhot jayda mehnat lgti h family
Please ap sabi support kia kroüôèüèª

‚ú®App sabhi ho mere pas isly mai acha content laa pa ri hu.
Hmesa muje motivate krty rhna silent family.ü•∫üí´

‚ù§Ô∏èDIL SE SUKIRYA APP SBI KA ‚ù§Ô∏è
MY SWEET SILENT FAMILY I REALLY LOVE U AND RESPECT U ü§ûü§û


Other live channal link below üëáüëáüëáüëáhere go fast üî•


",260787957,2590000,1407,2021-03-12T11:47:09.443209Z,UU2IuURiiASwNigfQJtXiRdQ,"['https://www.youtube.com/redirect?event=channel_description&redir_token=QUFFLUhqbW15VmVLdFpYdzBCYTZEQVNObHlVX0Q4dkhWUXxBQ3Jtc0tubzVFVmNZQUpFNnh3dnF6NW5Fdk1WX3llQkV2X2FTSGc2cDN2UF9IZkMzVFF2dEhVS2w4cFJHcE5MRTItR3RUcFBkZjBleVpteTU0OW15OE5OU1FONXpwWHJmZ0VjQ2l0S1BRTVVrOWc0RWFvVUxUcw&q=https%3A%2F%2Finstagram.com%2Fsilent__girl__gaming%3Futm_medium%3Dcopy_link', 'https://youtube.com/channel/UC9KXyxZv-8ophvA63pFytLQ', 'https://www.youtube.com/redirect?event=channel_description&redir_token=QUFFLUhqbHBSOFdBUnFheE5iN3hZcnZvcV90UTJtNjhIZ3xBQ3Jtc0tsam1KUEpkb2ZfOG1MU0NaZnhjVm02emhzTjZqenpsZV9UaENnaWY2U0RsT1hwbUxXMkJvV3hPWGVjemU2ZGZFYmk5Ym5Sbk42dmFiTnc4V3JWRUgxVkI1VlBfc296M1pCUXlfelR5WnAyU3BOdHEwRQ&q=silentgirl8595%40gmail.com']"
8,8,UC8k6b-QBPW79SOvO4C9hBOQ,Ziyan Ki Gang,"Actors Funny Motivational Video Creator, Shorts Creator 

Hello Doston Welcome To Apna Channel ‚ù§Ô∏è

To Mere Bhai Jesa Aap Log Dekh Hi Rahe Hain Ke Ye Apna Channel Hai To Bhai Subscribe Karo Yaar or Apne Bhai Ko Support karo Bohot sara wala üëç‚ò∫Ô∏è

Bhai log hum aapke liye Bohot pyari pyari video laate Rahenge bas aap logo ka support chahiye mere Bhaiyon or Beheno ‚ù§Ô∏è
",1640577,10300,384,2022-06-08T17:46:44.155104Z,UU8k6b-QBPW79SOvO4C9hBOQ,[]
9,9,UCo-61NMiPlPP6er3I9AcDvw,Comedy Box R k Gautam,"‡§π‡§Å‡§∏‡§§‡•á ‡§∞‡§π‡•ã ‡§π‡§Å‡§∏‡§æ‡§§‡•á ‡§∞‡§π‡•ã ‡§¨‡§∏ ‡§π‡§Æ‡§æ‡§∞‡§æ ‡§Ø‡§π‡•Ä ‡§è‡§ï ‡§™‡•ç‡§∞‡§Ø‡§æ‡§∏ ‡§π‡•à, ‡§Ø‡§¶‡§ø ‡§ï‡•ã‡§à ‡§Ü‡§¶‡§Æ‡•Ä ‡§π‡§Æ‡§æ‡§∞‡•á ‡§¶‡•ç‡§µ‡§æ‡§∞‡§æ ‡§π‡§∏‡•ç‡§§‡§æ ‡§π‡•à ‡§§‡•ã ‡§Æ‡•à‡§Ç ‡§Ö‡§™‡§®‡•á ‡§Ü‡§™ ‡§ï‡•ã ‡§ß‡§®‡•ç‡§Ø ‡§Æ‡§æ‡§®‡§§‡§æ ‡§π‡•Ç‡§Ç ‡§ï‡§ø ‡§ï‡•ã‡§à ‡§Æ‡•á‡§∞‡•á ‡§ï‡§æ‡§∞‡§£ ‡§π‡§∏ ‡§§‡•ã ‡§∞‡§π‡§æ ‡§π‡•à ‡§ú‡§Ø ‡§∏‡§ø‡§Ø‡§æ ‡§∞‡§æ‡§Æ",2852009,10100,297,2021-03-30T09:16:03.775671Z,UUo-61NMiPlPP6er3I9AcDvw,[]
10,10,UCmVATZGddUN9Xj4NLoSzYcw,Jentilal,"Hey, This is Jentilal and welcome to my Youtube channel For Comedy and Vlogs Videos. Here you will find a lots of videos that related to Comedy & Funny Videos. Thanks For Visiting Us. Guys Keep Supporting us. ",2227523,5890,229,2021-06-30T10:29:53.422788Z,UUmVATZGddUN9Xj4NLoSzYcw,"['https://www.youtube.com/redirect?event=channel_description&redir_token=QUFFLUhqa3JCSHc4eUJHTG5tTEpNdjVxT0R2Z1ZqM204Z3xBQ3Jtc0tsN0VESURLZjd6blJFSkFDYmdhZDRiblZnOXMyNVBoQXlSeDZKUDlxS1Q3OHpXZ1VhU2FEcEM0c1M1SkhpZFQ2V0dNZEFqMGdrYkFGWkVmU2RnakFWU25XdEFaV09tUVo1VW9ZaWVNTm1sYnUxeE5ucw&q=https%3A%2F%2Finstagram.com%2Fjentilalofficial%3Futm_medium%3Dcopy_link', 'https://www.youtube.com/redirect?event=channel_description&redir_token=QUFFLUhqa210WFRsemlNR2QwcGcyWHJWd252TDY5dno4Z3xBQ3Jtc0tsV3RSbm1KSXBMQXlqcXBqdGx0UG1KRzN4NW5BZjNIdkVybU5yREpJWEtFdlN2cFh6TEEwVlZmY0Z2bE1PWDV0U1dzWDRRSFZsUnpIZFhQZHptLU9yVkhDamhmNUdzZmluazFaQ212QzBNTTk2SmVwdw&q=https%3A%2F%2Finstagram.com%2Fwhosatvikgajera%3Figshid%3DYmMyMTA2M2Y%3D']"
11,11,UCNzn3WhDLAfulMSzFzqhqTw,AG !,"Official Channel Of AG! 
Two Brother From another mother Hustling To spread smile on faces 
 
Managed by www.gopalgoyalclicks.com

For Business :-  gopalgoyal444@gmail.com
",19544498,91200,106,2018-09-12T07:03:24Z,UUNzn3WhDLAfulMSzFzqhqTw,"['https://www.youtube.com/redirect?event=channel_description&redir_token=QUFFLUhqbjlVN1J2UklaVElyOUkzblhTTV9DbUEzUUd4UXxBQ3Jtc0tsd2pBOVE0TDFzTWsydzBrRzU1TVR3YmtGMkNaMU9WY1dmRV9vbDlGWkktSmhRYU9ERC03MXp5YWc3M3hLMm10alp1THJTeWFlV1prZ0h0V0RLV1dhR0JFaUkyWm5MMTdHdG10NkdITUxkenBGcDNXOA&q=https%3A%2F%2Fwww.instagram.com%2Fagytofficial%2F', 'https://www.youtube.com/redirect?event=channel_description&redir_token=QUFFLUhqbTlELVRpUlZubk9QWXVPSURwZFlUbFI4RHZqQXxBQ3Jtc0tsS3Atb2ktTU52S25zRnBmUUR2dFFxNVRsb0dpZDVqUkNzNWhPN1BpeThIeUdNZlRGZnJMbWRNRk53LU5adXFlc2oyZzVQblc4a25iZ3JxdVBIOEpnQndHQjlnNjZheWJ3bmNxNXJoUUloeThXMUlfOA&q=https%3A%2F%2Fwww.gopalgoyalclicks.com%2F', 'https://www.youtube.com/redirect?event=channel_description&redir_token=QUFFLUhqbEs2OFYtbmNmY3lUTm5OZWRYU19ETmVUSzBQd3xBQ3Jtc0trSXdiUy03a0FITjJnZFpfWXVfUjdzLTI0M0lGWUI3RHBfbk92NUdGZFowcWtHWTlTWXI5THFkNC03YzNNRFkzbWxSMm50QjM3UkN0M0JESE0yRGY4Ql9Ta19tLU13LTRIaVFWWUhaOUI1LUdLa2dQMA&q=https%3A%2F%2Fwww.facebook.com%2Fabhiragaroravines%2F', 'https://www.youtube.com/redirect?event=channel_description&redir_token=QUFFLUhqblRZLWlLb1RhUFAtZWZYMGh0a3lqSjlJMUhMQXxBQ3Jtc0ttVGR4NFNhQnRfa3pEUVVST1RWcGhON25xUWk0WEdlbkl0RGV5X0RSaHJXZ2x4eEJkRDNaUW8xSGoxR0JMYVJNeS1sZTd0dzlSUkotSXpnSG41ZkNGZWE1Ym1KYmhrcW54LUpMcTNtZDRYdEYxc1N3NA&q=https%3A%2F%2Fwww.instagram.com%2Fgopalgoyalclicks%2F', 'https://www.youtube.com/channel/UCoJsiMIlQQ8HBMjMFA28fTA']"
12,12,UCLHAyQ3M3Y-GWF3Pov1mFfw,Comedian Vikas Thakur,"Comedian Vikas thakur from shimla Himachal pardesh 
Winner of the show best comedian of himachal pardesh

Winner of DD punjabi show

Video telecast on TV show comedy circus soni tv

__________________________________
 For live comedy shows 

Sponsorship $ collaboration 

Contact üëáüëá

Email 
Thakurshimlavikas@gmail.com

==============/////////=======

Facebook



Comedian vikas thakur",1086269,11400,67,2015-08-27T03:41:54Z,UULHAyQ3M3Y-GWF3Pov1mFfw,[]
13,13,UCY5pmgVzfxBXHBjnRnP-alQ,DilSeBuraLagtaHai Bhai,,5141,45,27,2021-02-02T21:08:13.783377Z,UUY5pmgVzfxBXHBjnRnP-alQ,[]
14,14,UC1_-cyLlwnmTAesbMgruDpQ,Nazar Battu,"Watch awesome content created across categories for millennials from Bharat.
For business enquiry you can reach us on
nazarbattu@socioinfluencer.com
nazarbattuproductions@gmail.com 


",573331048,4190000,195,2015-12-10T16:07:20Z,UU1_-cyLlwnmTAesbMgruDpQ,[]
15,15,UC9cpGw2hVv-6G-76HO22jQg,Sudarshan Gurjar,"This channel is dedicated to providing quality education and in-depth analysis of Geography & Environment for the UPSC Civil Services Examination. 

This channel offers comprehensive lessons on various topics of geography by one of the most renowned educators Sudarshan Gurjar. 

Topic Includes:
‚ûú Physical Geography
‚ûú Indian Geography
‚ûú NCERTs Coverage
‚ûú World Maps and 
‚ûú Environment & Ecology
‚ûú Current Affairs

Our lessons are designed to be engaging and easy to understand and are perfect for UPSC aspirants looking to enhance their geography & environment knowledge. 

Subscribe now to stay updated on the latest videos and join the journey to success!
Contact: 9039918319

",5642167,109000,303,2013-08-09T17:36:18Z,UU9cpGw2hVv-6G-76HO22jQg,[]
16,16,UCdSZKaL2R4y-ZX5W57sf2rQ,Priyansh Agarwal,"This channel is all about Competitive Programming and Algorithmic Problem Solving. I will also be posting some of my life experiences related to Coding here itself. 

Subscribers Count:
22/12/2020 - 100
14/01/2021 - 200
10/02/2021 - 500
24/02/2021 - 1000
16/03/2021 - 2500
12/04/2021 - 5000
29/06/2021 - 10000
11/12/2021 - 20000

You can book a 1:1 Competitive Programming Counselling Session at: https://memboro.com/priyansh31dec


",1934597,46600,145,2020-02-20T12:12:07.624428Z,UUdSZKaL2R4y-ZX5W57sf2rQ,"['https://www.youtube.com/redirect?event=channel_description&redir_token=QUFFLUhqbTVSS1hEQUZMWDlzQVFjWXVxUTBUR1VvVkhOZ3xBQ3Jtc0tuV2JEQkJxa04zSVpJS1NkMy11dDVEQjJkUUxkZXpfYzR0MXkxWFZBZ2IwREdTUnl5OXNTdTlwTzJtR3g3cjJPUjUtMlJEdmxrdXRkQ2Y0RThuN2lIVHE4Y2NVdG9jUTRTQ05JUFF4M2xFY1J3aTlUaw&q=https%3A%2F%2Fcodeforces.com%2Fprofile%2FPriyansh31dec', 'https://www.youtube.com/redirect?event=channel_description&redir_token=QUFFLUhqbEpXT25YV1ducFVXY1ZMMjlZa1ROV2twN1E1d3xBQ3Jtc0trbVJJdWhraHU1b1Y4elpycVF4dzM0ZmtkTllPZHhGTnlsbGJ0UnoyVDNrZHdFbG8wZVpNdjRYTF8wSVZDY0RVUHM4Y2lWRjQ5N0o2N2pacXJXUjJKak5WMHJzbzRidmdOMlpyZzRvRmt2UVBRREMzUQ&q=https%3A%2F%2Fwww.linkedin.com%2Fin%2Fpriyansh-agarwal-88046619a%2F', 'https://www.youtube.com/redirect?event=channel_description&redir_token=QUFFLUhqbEtid2FVdGVoTnVVLUZxOE5yeDk0TEFQRzd6QXxBQ3Jtc0ttcDFNZkk5ZHFXZ2lUbDRNdkQ1M3JsRmV5NjFVeUNRR3VqTWJkQjhydThrMnlfOXJmdC1SUTAxMnlDblBTWnltVlVjMV9PSE9rcVlJNlNlX3Q4ZTFwZTIwbVZ5U1ZQc3lYVDNCc2JjZWlzWWdtMmpOZw&q=https%3A%2F%2Fwww.instagram.com%2Fpriyansh_agarwal%2F', 'https://www.youtube.com/redirect?event=channel_description&redir_token=QUFFLUhqbmpHQTM1TV82Q1Jidzk0THFDeV83REd5cW5xQXxBQ3Jtc0tsVnNRVE85ZnlJR0hVMmVBMDJyajJmTFREbkJoQnRGUjJsT3NnSzRaQ3VVMlV2R2RrbnREN0JpTjBiMVpPMTFkZmRtSEV0aU5QWU5UaU1jWXhMOHFHbHpsc1NrQ0VpTVFXeGtGdnhxLWlGcHVDVENyTQ&q=https%3A%2F%2Fdiscord.gg%2Fd2tWndaHTp', 'https://www.youtube.com/redirect?event=channel_description&redir_token=QUFFLUhqbWM5ZVNNelZHTnIzZ2laaWR3SVpJLThKeldoZ3xBQ3Jtc0ttT1M2cThJcmFmVzBkTy1WQnhpOFN0M3l6SGZJdmVURXVfc1NiVDJjRl9hMkZVVGY0TmJ1SVlseEZfcHE3SnlSZ3QxVlZtR0l2NWVvYnZCbFdRQU5rS2hjeTNNenZsbU9BQkJrcURuZHBqVkR5ZUU1dw&q=https%3A%2F%2Fmemboro.com%2Fpriyansh31dec']"
17,17,UCJihyK0A38SZ6SdJirEdIOw,Gate Smashers,"Gate Smashers is India's no 1 Free education platform for those aspirants who want to just smash the entrance exam like GATE,UGC NET,KVS,NVS,HTET,CTET etc in Computer Science but they are lagging behind due to lack of proper guidance.
                                                    This channel is a brainchild of Varun Singla and Naina Wadhwa Singla,they have added smartwork into the long journey of hardwork of students.

Note: A small Contribution from students required 
1) Subscribe the Channel
2) Like & Comment on videos
3) Do Sharing with others..
Stay Healthy and Keep Learning....
",268700525,1350000,1236,2017-09-25T05:08:33Z,UUJihyK0A38SZ6SdJirEdIOw,[]
18,18,UCDYDsnf5-sljDu8s4GEvJPw,SAURABH DAHIVADKAR,"Maths is Love ‚ù§....
Passionately Mathematician & Motivational Mentor !!
A Mathematical & Motivational Portal.....
Enjoy the Mathematical Concepts and Tricks with daily examples !!",18266083,154000,757,2013-11-23T19:43:56Z,UUDYDsnf5-sljDu8s4GEvJPw,[]
19,19,UCE_uu-BpfKPx8a-sjwBy-rA,Rajat Arora,"We will make sure to let you learn everything and help you rock your subjects...!
Following the passion of teaching from last many years and with the aim of promoting education and providing good quality lectures we are here to help you in every possible way.
you can contact us at : 
Rajatarora16166@gmail.com

Download our official app DeeCee from play store for free notes and other courses as well.

For any other detail : +91 9368508813
8/1087, divine classes , jain bagh.
Saharanpur- 247001 ( Uttar pradesh )",362923358,2060000,1250,2014-04-26T16:07:16Z,UUE_uu-BpfKPx8a-sjwBy-rA,"['https://www.youtube.com/redirect?event=channel_description&redir_token=QUFFLUhqa3dNbDVPWDIzajNPN0NIRy1xYmZWYk1KV3VjUXxBQ3Jtc0tsbGRzbkFvaDNWMVdFMDhheVBFOVR6UVozS1QtTVA0Skd4M2dpdFBIU1N4eWZ0YTBDNXBmRjk5a2otOVI0XzVXTG0xcG1fTjktQ3VZTFlZdTlFZmIyQjd2eG5pMUxTdG1Ta19RUWx4Z0ViRHRfWjlNWQ&q=https%3A%2F%2Fwww.instagram.com%2Frajat_aroraofficial', 'https://www.youtube.com/redirect?event=channel_description&redir_token=QUFFLUhqbUdQXzhqQUIyTEdTdTg5anhhS1dxN0tOVDlFd3xBQ3Jtc0trejdOSmU2TDBFb2FOdHJmb2MtUlljd0JlYm9WZnZUUUJNSlRBQ1hFdktfWFdYM3c3dEtkRFBWNzllOWEwZ3JUUlJoUUpuTHVPQjRwa2NnT0xEZ0pCZUVXRHhjeHp2NjB2ZVpNNDAwejlXUGM2Zmd1RQ&q=https%3A%2F%2Fwww.twitter.com%2Frajatarora16166', 'https://www.youtube.com/redirect?event=channel_description&redir_token=QUFFLUhqbkR1eG8zdjVlQloyLUFTemhaRWwyZDdBbXg2UXxBQ3Jtc0tsZE5nZGpVRktrNkZKRDY3SS1uMlNjbmdIakw2RVJjajIyclFEZUV4UE5VR1ZxeXRlOGtKOWpnbG94U1E1U0FsclBYVDZ4R0YtTFRZUzJPSm9iUXVMRm9DVkxpUGxwLVZLTGRvWUIxN0NGTVBzRVVlZw&q=https%3A%2F%2Fwww.facebook.com%2Frajat.arora.568089']"
20,20,UC3LtEVr13vCHJti1nYv_bFw,RAIL GYANKOSH,"Railgyankosh: As the name says this channel is totally based on Railways, where I upload Train information from around the world, new technologies used, Rail travel vlogs, and much more such content on Railways.
For business inquiry
s.sandeep9996@gmail.com
Thank you.",134394531,1000000,316,2016-09-08T11:47:40Z,UU3LtEVr13vCHJti1nYv_bFw,['https://www.youtube.com/redirect?event=channel_description&redir_token=QUFFLUhqbDQtb2ZpOG44WEJINEwwMDlfYmdxVGEyZ09XZ3xBQ3Jtc0tsNW9ZS1R5LVJRMTRuQlIyVEYtZ1Z6aFA2SHdSZnFDcTc1ZFJVd0tMN0JhaUZEOVlRRXZxN1Y0VWY5N0lyU3Q2MUMtSzBQb2c1b2NMX1hGOXZDZ25ZWi1xMGtCcWtwUUh5RVllQXpYWDZjRGVWODJsMA&q=https%3A%2F%2Fwww.instagram.com%2Frailgyankosh%2F']
21,21,UCkxqJvZRzhM0oaBjbu3ZjFg,Devsnest,"Devsnest is an organization with the aim to create highly skilled individuals by bridging the skill gap between colleges' academic curriculum and industry requirements and kick start their careers with good tech industry jobs. 

We aim to empower India‚Äôs 1 Mn youth to become highly skilled and behold the top 3% salaried jobs.

We provide a 6+ months intensive mentorship program for students offering, You can join the course here at https://discord.com/invite/E8YcJpGJKB


",557965,15400,200,2020-06-29T13:49:49.327828Z,UUkxqJvZRzhM0oaBjbu3ZjFg,[]
22,22,UCRzYN32xtBf3Yxsx5BvJWJw,warikoo,"warikoo is a serial entrepreneur, a bestselling author and an online educator

Ankur Warikoo is an internet entrepreneur, and is:
- One of India‚Äôs top content creators with a following of 8Mn+ followers across YouTube, LinkedIn, Instagram, Twitter and Facebook
- Bestselling author of Do Epic Shit (2021) and Get Epic Shit Done - Answers to 36 life questions (2022)
- An online educator (conducts courses on entrepreneurship, career management and personal growth, with over 300,000+ students so far) 
- A mentor/investor to first-time entrepreneurs (hoping to help them not make the same mistakes he made when he started up)

He holds an MBA degree from the Indian School of Business (Class of 2006) where he was awarded the Young Leader Award.

He was also part of Fortune Magazine‚Äôs 40 under 40 List for India, Forbes Top 100 Digital Creators list 2022, LinkedIn India‚Äôs Top Voices for 2018, 2019 and 2020, LinkedIn India‚Äôs Spotlight List and India‚Äôs Top Executives under 40 by Business Today.
",214606523,2800000,861,2017-08-01T09:30:48Z,UURzYN32xtBf3Yxsx5BvJWJw,[]
23,23,UCWP4FTfQYQ5kaNzfUaiZT9A,Prafull MBA CHAI WALA,"Hello, I am Prafull Billore, founder of MBA CHAI WALA PVT. LTD., a keynote speaker, angel investor, content creator and a leader. I dropped out of MBA five years ago and turned my side hustle, a tea stall, into a full fledged franchise business.

Currently, we are opening all over India and launching another venture, MBA CHAI WALA ACADEMY which will help people become successful through a revolutionary education system. I will personally spill all my secrets of rising to fame and earning money from nearly nothing. 
I am also very proud to talk about our not for profit organisation MBA CHAI WALA FOUNDATION which raises funds for special causes whether it is for cancer patients or relief funds for natural disasters.

This channel has been created to give you motivation, tips, advices , hacks and spill as much as I can and help you all with anything and everything.
I am very thankful for the love and support you guys have shown to me and my team, I hope we all grow upwards together!
",297531859,1650000,959,2019-10-04T09:45:45Z,UUWP4FTfQYQ5kaNzfUaiZT9A,[]
24,24,UCFIgitcrfwvpmAhRp5OKZVw,Gold Janardhan Investor,"Gold Janardhan channel share the information about investing in stock market and financial education. And it is a continuous process of learning.

For any further information whatsapp:- 8050544357
E mail :- goldjanardhan5@gmail.com


Disclaimer:- I am not recommending any particular company to invest it is just sharing a knowledge so before investing take your personal decision because it is your hard earned money.",56637,3560,124,2020-12-25T13:49:38.882715Z,UUFIgitcrfwvpmAhRp5OKZVw,[]
25,25,UCe3qdG0A_gr-sEdat5y2twQ,CA Rachana Phadke Ranade,"To Learn Stock Market in simplified language checkout our courses:
Beginner Level: 
1. Mastering Money Management 
2. Basics of Stock Market
3. Magic of Mutual Funds

Intermediate Level:
3. Fundamental Analysis
4. Technical Analysis

Advance Level:
5. Art of Value Investing
6. Futures & Options

Visit: www.rachanaranade.com to know more about the courses.

I have the objective of building financial discipline in the masses by simplifying Stock Market Education and Financial concepts. 
Started my YouTube journey in the year 2019 and since then I have been able to reach out to 4.3 million viewers. Two of my major aims are Localization and Globalization. While the journey of globalization is on through this channel, I have also ventured to the aim of localization through my new channel, in my mother tongue, Marathi.


",231870766,4360000,1013,2009-03-10T11:52:05Z,UUe3qdG0A_gr-sEdat5y2twQ,"['https://www.youtube.com/redirect?event=channel_description&redir_token=QUFFLUhqbWNZdi02eERieFFPVm5sV25QNDZlbHQ5Mml0Z3xBQ3Jtc0tsUmc1QzhRWEN4TlVBR0NTbURHNU5YOTE2NmVBbzM0blNBS2hTc0dRUUsyYzRqQS1ucmZUTGJJU2tKcGxsM0Q0Ui1TMjBwUThIU1lWam1xMVlUZ2FQeGg5aEllemR3NEY5QTZSOU9fRF9GRFh4M3pNYw&q=https%3A%2F%2Fwww.rachanaranade.com%2F', 'https://www.youtube.com/redirect?event=channel_description&redir_token=QUFFLUhqa2pERWdxUTJNRjY2Y2YyRlYxeUx2enNKanp5QXxBQ3Jtc0tuN0J3aU8yZFRuMTFVR0V0aUxWNGJXbS1pdnJMQjdlSFlveEhWQ0U2bjViNVZraFRYQTJrUWdDdEdGUmt4U05fSGlqcUt2bnl1T1NPMGNuQmVlX1h6N2tKbmxzcWpCYUN5S3NVb1BIUHdaa0o3LVh6MA&q=https%3A%2F%2Fwa.me%2F919022196678', 'https://www.youtube.com/redirect?event=channel_description&redir_token=QUFFLUhqbW1oeTNveUpSZmNKYUVkVVQ0cnZodGVFd1NnZ3xBQ3Jtc0trd2FJSEF1SlNBdWFoR1ZLQ1lhXy1BLVAzTWJXYWlNdU4xc2V3LTJjXy1fOUVHUHF3Y2l3Z3NCSEVfQnFzRzJJdi1JdEhtcXIwQ3lPUWtYM3RkQjJUU2Uwa2w1aVdtckJKajRrdm1LNERCWnhEYTNPRQ&q=https%3A%2F%2Fwww.instagram.com%2Fca_rachanaranade%2F%3Futm_medium%3Dcopy_link', 'https://www.youtube.com/redirect?event=channel_description&redir_token=QUFFLUhqbWthbkstcklrOU5YOEFpMmI0VENWUGVNS1EyZ3xBQ3Jtc0trN1I3RFEtaGkzc2F3UzlDRW5YdUg0NmJpUXRicF9qcXZSVlBQX1UxYW9HMUhRSFJpX3RLUTRLWXduQWk1eWF2V1ZFd0g1Ym1GWGRGT0dzM3F3UUJSSUM2SzFLNm83Q1hYSTJHRFNoeUlKRG5wR3R3cw&q=https%3A%2F%2Ft.me%2FCARachanaRanade', 'https://www.youtube.com/redirect?event=channel_description&redir_token=QUFFLUhqbDhvXzB3SlV3eG40cXRlVHFrLUlwdExWYlpXd3xBQ3Jtc0tsLXlDYUtVdzJLX1EtSWhFaUdLWmlURnpEa2lZTFZCOWVHUWc2ZjNIV0FkN0E1LXlTYVBYWVRCV1hvQk52cnY2UW1paEtRSm9ueUE3ZENiMHhRMGF4Y09zbm5BS2prODdISzAxTndUTmNyZVpRQ1hwNA&q=https%3A%2F%2Ftwitter.com%2Frachana_ranade%3Fref_src%3Dtwsrc%255Egoogle%257Ctwcamp%255Eserp%257Ctwgr%255Eauthor', 'https://www.youtube.com/redirect?event=channel_description&redir_token=QUFFLUhqa05SM05RaUw4RlhVYm5hdXVaX3E3QjZudmtZd3xBQ3Jtc0tuNVFsbkRqMGg1WlFTSnhISlh4M2dUbngxVGU1SGU1eVgtVy11MmZFczNuT2xxVllpVm9vX3dvQ05USWVYVnlYejZFR1ZUN2JrcDl3cE9LTWFENE1kXzlUZ0VlUGcyRjN6LXBMUmpXN2tyb1RtQ0djbw&q=https%3A%2F%2Fwww.facebook.com%2FCARachanaRanade']"
26,26,UCwAdQUuPT6laN-AQR17fe1g,pranjal kamra,"Dedicated to value investing, you will find videos on value investing, stock analysis and behavioural finance. Finology is here to help you in becoming a rational investor.

Investing Starts Here!",368547033,5110000,418,2011-05-13T16:08:58Z,UUwAdQUuPT6laN-AQR17fe1g,"['https://www.youtube.com/redirect?event=channel_description&redir_token=QUFFLUhqblVZT2lNbE0zVEtEdGp5d09sQXZyMU8yUWY0QXxBQ3Jtc0tscHB2a25IUktRUWNraEgzanBEMF9FRWlMSUNfMXlLNzlkbm5BVTl3anBqQktBX2k3UTNKSGt0Rmd5cDhaQTRzaFNLUGVyb0RQdXFrUmlFY3VicEU2Q1hyOVlhNUtmbzBZN0wyOUcwclFRUTlXcklmSQ&q=finology.in', 'https://www.youtube.com/redirect?event=channel_description&redir_token=QUFFLUhqblBGVUFhTFhzRjBuTFRLY0tMbU9iSU44MFkzd3xBQ3Jtc0trMzBVc2kxdDAzbE42ZEpuVEZYb3JzQUtrbUwzSWJyVUZwbmYzWGp2LW5tbDVxaVhneFJZcXZSZVVVYWMwQWowUHUtaDQyMjhtS042aXY4OFQ2RXAxYmNGa00ydzVGdVQ0ektuanJMczUxMlhsVFBLOA&q=https%3A%2F%2Fwww.facebook.com%2Fmyfinology%2F', 'https://www.youtube.com/redirect?event=channel_description&redir_token=QUFFLUhqbEhpSk1HckJib0xSSllua2haeFN0WHctcUhoZ3xBQ3Jtc0ttQnk5TFBFU3FHV19JRVlyQk1UTl9ORndSMkwyeGV2Qmtaa0tIVjRYblI4TXhpQWw1MVpBVUxRMTF2VjAtSGRIV0hPSV92Z1I1OTZpdlN5V1RtUlRFNVhoX0JBMGJVWmxPZXhuUllLNzF1c3gxRTM1RQ&q=https%3A%2F%2Fzerodha.com%2Fopen-account%3Fc%3DZMPXIG', 'https://www.youtube.com/redirect?event=channel_description&redir_token=QUFFLUhqbERpU1MwTFB0ajV5Qlk1UlRKQ3lvYl8zNS1ld3xBQ3Jtc0trSTd1TlgyWHA3Tm9vQUxHUzN2a1FJaDdIcTFWSzh3QmVtUW5LZHNnNGNEUzloZ2N3N0d2YVRvelNEZnFZYS1OU01lR3cyWWNQQXBCTnhsWXB5OTBtc2x2amd0NjVJVUljUllhaXZudzhtLTF5T3d0QQ&q=https%3A%2F%2Fwww.instagram.com%2Fpranjalkamra%2F', 'https://www.youtube.com/redirect?event=channel_description&redir_token=QUFFLUhqbTVzcDRzVTJobV9EQV8xbW9hSVdSdkJwVWRTQXxBQ3Jtc0tsTmFCaGl4Y0hXbjZtT3FPT1cyZHlHRWNzV083N3QtYmY2TjcwZ2R5R20zX1Z6M2E1eVJhSXYxUDVlcVBVMmJjSXF1V3V5ME1DNlFGTTNDZk9kdTNZcU9DYlFnQXNGRUZsYU5LZ3Rka1pPUU1FWllOSQ&q=https%3A%2F%2Fquest.finology.in%2Fracetracks%23academy-of-value-investing', 'https://www.youtube.com/redirect?event=channel_description&redir_token=QUFFLUhqazBLOUt4MFQ0M05IeTFBa1pUNkY4QjcwaC1uQXxBQ3Jtc0tsV2QtSEJTNldrc3p5eFJiQWFKXzhhZTJXN0Nsb2FpQUlKbWczdXlmaFcyUk90OXZLaTBqOHd2UjFlaUI1ZEp0R1ZyTW94RGJxQUViY3gtX3o1aWN2NV9jTlhVdk40dkhwT2NzNWl4TWFoOXlUMElQMA&q=https%3A%2F%2Ftwitter.com%2Fpranjalkamra', 'https://www.youtube.com/redirect?event=channel_description&redir_token=QUFFLUhqbXBLQXE0RE80TzkxN0ZDbjE3aUdteFVhLS00UXxBQ3Jtc0trTy1MV0J2NzdFVzAxQnlEc2M1c0pjTWFQbTVlbnVPZ2RxaHdNWHRibkVvTlFQdE5TcGt2MzVXSlNjQ01NNWlCOWJvQ1VSYm1XTkxHQjlEWmltTjRIVkZobkl2ay1kbTRZQ3FKRk5mWDNZU2hpNHgxcw&q=https%3A%2F%2Fwww.linkedin.com%2Fin%2Fpranjal-kamra-365355a0%2F']"
27,27,UCwVEhEzsjLym_u1he4XWFkg,Finance With Sharan,"Welcome to my channel. I'm a management consultant turned turned full-time content creator who is passionate about finance and business. I'm here to share my views and opinions to hopefully make your lives a little bit better.
If you ever wish to get in touch with me please reach out to me at financewithsharan@gmail.com.",388133294,1660000,273,2014-05-29T09:52:24Z,UUwVEhEzsjLym_u1he4XWFkg,"['https://www.youtube.com/redirect?event=channel_description&redir_token=QUFFLUhqbHMwNnk4YjNPNlVzOHRuRjNyRDdJX0Z0VWJKd3xBQ3Jtc0trMkxFOHRLbUlqQjZLX3NCeGd2SXg0NF9QallRTVRfUG1odGgxWVBOeWVIdWoyWUZzQnNzbWJwN1hoTFpzSVhZX0Zud1QxNHNYbEJ5c20wODhwdndiaXMxelBTTHdqWWlKYjNKS2xrY1pFQjAwbkk5SQ&q=https%3A%2F%2Fwww.financewsharan.com%2Fnewsletter', 'https://www.youtube.com/redirect?event=channel_description&redir_token=QUFFLUhqbjlUbGN0dndZbktjTjdiTFhka3dDY0UwakxsUXxBQ3Jtc0tta016T2d6UTFNTXF2cy14TkZZQnUxbnN1Y3huaUZUYXRlWVBmRU9ocExqTHF0VUlaN0h2bUszbVlaY2Rac09zcll5cS1haVNBSDRGU2dYY25lQUtjOWNpamN5dE9SRmtMU3NaQUFlXzZjekZHR0NaOA&q=https%3A%2F%2Fwww.instagram.com%2Ffinancewithsharan%2F%3Fhl%3Den', 'https://www.youtube.com/redirect?event=channel_description&redir_token=QUFFLUhqa09QQUZjZ2hueDVrdXhMWUpETWFVeGxGMTJQd3xBQ3Jtc0tsNmtHZ0FZdlY4NEtzUG02QWN1YTA2TTBpMmN1a0g0S1dDZWRhWTFtbXF4TjM0YlpGQzR5cnlLbWdPeWRxd1NjaFRXVEo1c3NpNm9FVWloOWdTUlViTXF3alR2V3RrUS15a0p5aXNXcHhWVjFJcnJ0MA&q=https%3A%2F%2Fwww.linkedin.com%2Fin%2Fsharanhegde95%2F', 'https://www.youtube.com/redirect?event=channel_description&redir_token=QUFFLUhqa3l6ZU9OUUhIMjBqejNXUnJ3UEZGMXhVRWNfQXxBQ3Jtc0tuRVdZR3RYbzFrUTBCTmpPLUNIajdqYUNMaDY3ZldoM1pENVJWOUNPbWVJYUJ1WnJ5MWFySTZRX3VOc1dDUGtfb0NIcXotSndBRjdpbFNnd0xNNXNmdnFsV0t2aWdZUWRuWVFSSEl4NmlJazh4OFUtWQ&q=https%3A%2F%2Ftwitter.com%2Ffinancewsharan']"
28,28,UCkOtNAT3-B2rAPEleWaytrA,Ishaan Arora,"College mein ho? To sahi jagah aaye ho! :)

I'm Ishaan Arora, an entrepreneur running an 8-figure ed-tech startup FinLadder, a content creator, and most importantly, tumhaare real life Jeetu Bhaiya :)
",917729,19800,100,2022-05-27T15:22:09.597497Z,UUkOtNAT3-B2rAPEleWaytrA,"['https://www.youtube.com/redirect?event=channel_description&redir_token=QUFFLUhqbmxXTUdfRk9BRHZaMnp6NUVDNTN6Vk1MOVBoUXxBQ3Jtc0trMG5pSWc5S2FlMUtCcndvZFBWSElqMEg2Y090YXZab2VBNnhhdUpGZ1pPSTdIeVdvVFk5amgydjRCcjYzdTBRVjc2Y3RKVHBFMUpFelJDTEdVYV9YWDVpMDNKSF9FYi1FMUlhakxEVDgteVhxTHZLSQ&q=https%3A%2F%2Fwww.instagram.com%2Fishaanarora1%2F', 'https://www.youtube.com/redirect?event=channel_description&redir_token=QUFFLUhqbkVweG9Mcmt2ZkxnZl9YcEk0RlEzVFJyZ2NUUXxBQ3Jtc0tsM3dsR3pPQnRXRHpPS19rRmlKaWpzN2hoTEhfNlZnaE1SOGRneFM3V3dSR3lBTVVTb3QzV1F2dEZ6R3Jpa3pWcU5xTWFmcmd6MEQtMFc1QjVuRktkcTZTenlUVktlWnZjTU1uWThIaUxhZ0lHMWVNYw&q=https%3A%2F%2Fwww.linkedin.com%2Fin%2Fishaan-arora-555a51161']"
29,29,UCrpsOBek4n-CQEckzt8AIvQ,Amusing Rii,For business enquiry: teamamusingrii@gmail.com,82651127,508000,117,2016-08-06T21:11:02Z,UUrpsOBek4n-CQEckzt8AIvQ,"['https://www.youtube.com/redirect?event=channel_description&redir_token=QUFFLUhqbEFTUHprdXYtYnpVcGZONUJMdnlQaDliOEJtd3xBQ3Jtc0tuTXR0WXlVVF9kMUt3ektQSVNlSENCZ2pWMEJja1NfWFVUbXAwUzZIU0dsSmdZTV9rSlByanZvRHkwYUpKVUl5dGV5WlVrbEFmOC1MLUZmUy1YRUNpMExaejA0dktVZFJPZHlKaUZIQ1pYM2dLSU5mdw&q=https%3A%2F%2Fm.facebook.com%2Famusingrii%2F%3Fref%3Dbookmarks', 'https://www.youtube.com/redirect?event=channel_description&redir_token=QUFFLUhqbDNueUlfTFJGUFJ0UTRTUGlPUG1OZkZ1MHYwd3xBQ3Jtc0ttdlM0SjlEeFZYMkV2Y19ScWluNDdyQTc2VXFmQ0VROG4xeHk0dEpyeTRiM3JiS3FwZzBwOF9ZaEpGMURkRFlBRERYekZ4cmFVcmlLSHBKZVhTUk1IRXNWTVJnbWg1d25vVVJZUWJSd21qeFVZWjBZOA&q=https%3A%2F%2Fwww.instagram.com%2Famusing_rii%2F']"
30,30,UC1A_QwNdwuIXCn61QqdcQwg,Sakshi Shrivas,"MTV Splitsvilla 14 Contestant Sakshi Shrivas is a Software Engineer who worked at Google and currently works at LinkedIn. Apart from skilled engineer, she is a trained Bachata Sensual Artist, a talented Actor and Belly Dancer. Sakshi Shrivas studied at IIIT Lucknow in 2016-2020. She has worked as a Software Engineer in big companies like Google, Grofers, Linkedin.

Managed by: TGB Troop 
For business enquiry: teamsakshishrivas@gmail.com
",32852015,197000,62,2016-07-21T13:50:38Z,UU1A_QwNdwuIXCn61QqdcQwg,['https://www.youtube.com/redirect?event=channel_description&redir_token=QUFFLUhqbC1iYzNEaU1lWXpMUWZxQUZLQmc5V1oybHNQQXxBQ3Jtc0tsNVpVWm9idDhxY3lHbXpacTVKZnMxUnpzckhRTks0VmhEeF9qYjVUT25qT1BmYWpINmNXOWZPWUFMZXhsWXhPbmZGYlRtQTQwcnFEbVdZY1A0Y1hFV3YzMGt0c3dldmxtVERNRGNPREVsYm1fTi03VQ&q=https%3A%2F%2Fwww.instagram.com%2Fsakshishrivas___%2F']
31,31,UCW24Wt4EgHpuktSW6XAnt2g,Rohan Joshi,"Welcome to the least consistent channel on the internet. 

My name is Rohan and I make videos. Sometimes. And stream. Sometimes. And they're not bad. Sometimes. 

Have a seat, we'll be with you shortly. 
",13150473,171000,92,2018-03-04T07:05:30Z,UUW24Wt4EgHpuktSW6XAnt2g,"['https://www.youtube.com/redirect?event=channel_description&redir_token=QUFFLUhqbFZDR0syV0N1M0pFUjNnU3BqNEUyckxiVkx3Z3xBQ3Jtc0tsdjJoWmtVTUVyOXlTcERwTEVlWG13YkoxVGRGV3E2OWlzQ0swT3huUnlBY2l3R2NSdXhOZWVDdS1VcVI1emw4Rm5DZ1pEVUctaW01NUdZOWVXVGtnWlIwdUdYU1RlN0JEQm1scGgxQVZrUUM0RElxWQ&q=https%3A%2F%2Fwww.primevideo.com%2Fdetail%2Famzn1.dv.gti.24b75b50-88fb-4429-c40d-51bd608fa3a1', 'https://www.youtube.com/redirect?event=channel_description&redir_token=QUFFLUhqbUM5b2x3c0NRNGIzOEo5Zk1MVl82SlFuY3F2QXxBQ3Jtc0ttUmFOVHRBeGEzNmgtc3JTaGZ3a0c5Y1A4TTdnTFlVcFZaa3R2X0JQWWpiVWEyelRoNENyYWwwX2JpOFRIY2tGV3lSVXd3VWhwOUd2TTExMzVLTVJGSmhvSHl4YlpDNmMtVTRJc2p1Q1VOdzVibk14TQ&q=http%3A%2F%2Frohanjoshi.in%2F']"
32,32,UCO8VhmV2Jhj7oBUGfiLxvow,Abhishek Prajapati,"Hi Y'all !

Thanks for taking out time to know more about me :)
I'm a singer by profession, I perform at various events all over India.
I also like to share my simple life on the internet. Hope you enjoy my absolutely raw vlogs :)


Let's connect on Instagram:
https://www.instagram.com/abhishekprajapatiofficial

For Business Enquiries: abhishekprajapati.team@gmail.com
",57523239,105000,348,2021-09-02T20:49:48.864135Z,UUO8VhmV2Jhj7oBUGfiLxvow,[]
33,33,UCNn6AaHharXIbkRleXGboiQ,Mumbiker Nikhil,"ABOUT ME:
I LOVE TO VLOG MY LIFE

Camera : Sony a7Riii

Follow me on instagram : nikkkhil 
Thank you.",1524540220,3960000,2123,2013-07-03T13:53:50Z,UUNn6AaHharXIbkRleXGboiQ,"['https://www.youtube.com/redirect?event=channel_description&redir_token=QUFFLUhqa1dOdkMyZXREYzViU0Q4XzVHWlZFQlRTd0VnZ3xBQ3Jtc0ttVy1sN2djZVZVOWcxX1RSTlBGdjFMVnBMRmNwbU9aSFJUMWM5NGtfcXRfZm1CYTBORFpEY2JBVi1CLTVET1lCUFdhbGFQNUxtWUFtXzFweU8wdzRZc0o0WUQ2b0E3cU9maXdXeVBvWHc4RVptUkZKNA&q=https%3A%2F%2Fwww.facebook.com%2Fpages%2FMumbiker-Nikhil%2F1485406921724673%3Fskip_nax_wizard%3Dtrue%26ref_type%3Dlogout_gear', 'https://www.youtube.com/redirect?event=channel_description&redir_token=QUFFLUhqbVQ0bzdWYW5oejdwUzA0dEtsVWlSZFRaakJSZ3xBQ3Jtc0trRUNfQmZseE9kZUdTYmtFOU9za0k0Ukh2WUEwZzQyVi0xRkwzUjdDQkV4eWxYcmk5ZG5iMTYzUHctTldmbUM0VjRUVWVlVDhVRk9jTVo2QV95V1R5VmFZdGNiSHpxQmROZDJnOVpKRVMtaklYaUN2MA&q=https%3A%2F%2Ftwitter.com%2FemNikhil', 'https://www.youtube.com/redirect?event=channel_description&redir_token=QUFFLUhqbFhaZUZRcDlydktEeDBmTE5kQ1BBdjNTaWpIUXxBQ3Jtc0trQkVGa240WnB0aEJSUkU3WlVwSnRxLXIzSkJyT1pXSlAwRmFaQXA1SHQ1ek94NjQtOElfdllPRnpNVVpsY3U3TDN1dmhacTYyY1VzZlNpOWk0TktrYjl4SkNlSHN0aDVCaFROSVBMRDVrNTNRRTEzcw&q=https%3A%2F%2Fwww.instagram.com%2Fnikkkhil%2F']"
34,34,UCqgdGSJPEKCGwElnwnKGE6Q,MOinsideHIT,"Hey there! Welcome to my YouTube channel. My name is Mohit Singh. 
Some of you may know me as "" MOinsideHIT ""  

Do subscribe to my channel guys because I make new videos every week! :)

Business Related Enquiries or Sponsorship, 
Contact me at üëâ  moinsidehit@gmail.com",297497038,1000000,1026,2012-05-12T13:45:50Z,UUqgdGSJPEKCGwElnwnKGE6Q,"['https://www.youtube.com/redirect?event=channel_description&redir_token=QUFFLUhqbk44cXp0cjZwUDB1YWFFVkdxWGVVNWV6VXdIZ3xBQ3Jtc0trSVZhUlJaOGdkcWNMLXhSajItXzRXM05PREl6ZGdid3I1bjNMS3o5VGNfX0xSODlpVHlaXzFsUlhaMUduanNyNDVmNDRQbTFJQVBSQzNsREtUNndBRDViZWEzMmg0WHhvYjdCTDd1QjZnRzhITFFXaw&q=https%3A%2F%2Fwww.instagram.com%2Fmoinsidehit', 'https://www.youtube.com/redirect?event=channel_description&redir_token=QUFFLUhqbURYYktYWUtqOWlEclBRLWdrdzlVZEM3Qi1Ld3xBQ3Jtc0trZ3I1UzZfNXMwenlWa3VrS0ttTWdobUVzVXhwWnNaY2NyckJwOG9kSEYwQUF0Nm9TeV85bGdsMllReXczNUJtbVM2NTR4WEl1YXAzbU9rY2RBNk1RdnhjaDZ3d2dkeG9fOWI4clpCaUt5ZmZBNXYyWQ&q=https%3A%2F%2Fwww.facebook.com%2Fmoinsidehit', 'https://www.youtube.com/redirect?event=channel_description&redir_token=QUFFLUhqbU1yLTIxekh6WE5uNU5ZV1FNQ0I0MWc4SjNMUXxBQ3Jtc0tscVdORjZXalVUeHhXRWpOaEp0ZGFkVU9kVFBOX2NKMmI0RmdIU1hwLWVva04weE9lR1ZBdTdySWIwM2xNS0pHdGlZM1ZmeHRIMjF0MVNud0NtbW13aHZKQmZVZE9TSjlGU3VZQkQ3cU5HZWJmRW40cw&q=https%3A%2F%2Ftwitter.com%2Fmoinsidehit']"
35,35,UCDKDG2S_vHO5ylo_APTPS7w,Intxstelar,üóø‚òï,37350665,184000,130,2020-11-12T09:31:57.655786Z,UUDKDG2S_vHO5ylo_APTPS7w,[]
36,36,UCIsEhwBMPkRHsEgqYAPQHsA,ChessBase India,"ChessBase India is the ""Most Popular"" chess platform in India and one of the biggest chess media houses in the world. It is the biggest chess news portal and chess software distributor in the country. Our motto is ‚ÄúPowering Chess in India‚Äù.
Towards the end of 2015 we identified two important things that needed to be done in order to boost Indian chess further:
1. Have world class news & services to popularize & promote the sport and young talents in the country
2. Provide world class technological support at affordable prices.
We also provide services like foundation to help chess players, planning chess tournaments, free training material on youtube and in our reports, online tournaments, media coverage for tournaments, Seminars and Training camps.
ChessBase India is a one stop solution!
Join us!",909271596,1170000,8777,2015-07-23T18:23:03Z,UUIsEhwBMPkRHsEgqYAPQHsA,"['https://www.youtube.com/redirect?event=channel_description&redir_token=QUFFLUhqa0tiV2IxZ2liVTc3cmpmdktDbzJFYkFGelpqUXxBQ3Jtc0tuaWxmenpJV0p5UXNTM24tc0t0bW1ZRzFZZVVQaDhpSUdZVm1UNUk1OGR5ZmE2Z1hJWll3VWdaNF9ScjMzRzZNUlBxcmtXYmxtQnFkWmgzNGV2amxaZTYya3p1SnVSS0pQbFc5NFpyTVRYemxyZXNqdw&q=https%3A%2F%2Fchessbase.in%2F', 'https://www.youtube.com/redirect?event=channel_description&redir_token=QUFFLUhqa1FvakI0X1MzcTlZQkdiczNnZWphQzlvWnpqd3xBQ3Jtc0tuZlBsYVYxR3FjNVJWWHBBMjFpUm5YdnNtUkF6akdyd2lFMDk5OHZfX1RwQ2NaOW1xOXJ1X1JfUE05TjNkT2tmUENySk9Ydk5hd3BTWTRVSU5uSElSRmY3LXB6LW5Fc3FrU0lCbWJlMGY5Ym9PY1lWYw&q=https%3A%2F%2Fwww.facebook.com%2Fchessbaseindia%2F', 'https://www.youtube.com/redirect?event=channel_description&redir_token=QUFFLUhqa0FmcEozdjFIVEtmSW9RYnk4anlURmhyX2FRQXxBQ3Jtc0trVlhTRloxN24tYWxCVXUyZkFFSTFwYXdEcGkzNGxiR0FIbDd4REstSy1ETG9ZZFpDRElIUTVUSE5XV3ZHUnpieDM3S2Y1SVpyemowN3VKQkNsbDE5d1FKREUxQm5qU0dfLVY1ZnFVUlpFVTR2THd3NA&q=https%3A%2F%2Ftwitter.com%2FChessbaseIndia', 'https://www.youtube.com/redirect?event=channel_description&redir_token=QUFFLUhqbFdGZXZfeXlEMENqT2dIcTV2UlN5aG1RanpHQXxBQ3Jtc0trLVF2MzE4dk9CZGtxT3c0Rmw1d213eDd5OW5DZnM1ckE1bDR1elpSb0UzenJNX2ZBMHJZak1TNU5qUDVlcE9oaHNQNGdCb3pMZkdMOGQ3XzcyTkJSZGVqNG5QZk9ycDFCc3JUdTlvdXhBNng5SUJ5RQ&q=https%3A%2F%2Fwww.instagram.com%2Fchessbaseindia', 'https://www.youtube.com/redirect?event=channel_description&redir_token=QUFFLUhqbDVNTlo3ZThjZHR4c1U4X3lLUlJ0bV9xaXhJUXxBQ3Jtc0tsS0ZZMkViRTd4NGp2QmxVV21RSWQ0TF9RNnZGQTBiRE9GenRZNXVkeGFCOVUzVmV6UkdzN1labGRIam1sSUxTQ01ueDBpcTRQS0Vyejd5YldrLVRRaHg1QVdZTU1Ec05TMFhfYURCUHpZbEozRDNSUQ&q=https%3A%2F%2Fg.page%2Fr%2FCZ5T1PaLM-7WEBE%2Freview', 'https://www.youtube.com/redirect?event=channel_description&redir_token=QUFFLUhqbGV3Wk5PdGxsTWFsYlhCeUNQVVZSaTlhLUVSQXxBQ3Jtc0trcFliM1pBSlVXQXE1WERRUXpCSk5ic01EWmVNSWU3S09VMTBMRTA0QkpSamdCTjhQUVh1ZkxHZV9vZXUxSFdvdWRpWHRldTJOSUstR3AzQUJpMm5XTlZtN25JLXhQV2JYSTFJZjdiQkJkazlCUnpGNA&q=https%3A%2F%2Famzn.to%2F2vv0XXy']"
37,37,UCzgCuuPQa1nMlZP9ruPYDNw,R.G Bucket List,"Cartoons banata hoon!



Business purpose: rgbucketlist@gmail.com
",124390259,3020000,16,2016-01-15T17:28:22Z,UUzgCuuPQa1nMlZP9ruPYDNw,[]
38,38,UCLkAGBKrHFGS6fg10-w-KsQ,Anime Spirit,Our Channel Is For Doraemon Otakus And Anime Lovers,34383474,276000,143,2020-05-10T04:12:33.457908Z,UULkAGBKrHFGS6fg10-w-KsQ,[]
39,39,UCfhbydY40P2Lli9HuBz8cdA,SeeKen,"IMPROVING THE QUALITY OF OUR LIFE BY GAINING KNOWLEDGE FROM SOME OF THE BEST MENTORS AND BOOKS, WHICH WILL IMPROVE OUR HEALTH , WEALTH , LOVE AND HAPPINESS",295923498,3920000,444,2015-12-29T17:44:47Z,UUfhbydY40P2Lli9HuBz8cdA,"['https://www.youtube.com/redirect?event=channel_description&redir_token=QUFFLUhqbHNZSGljRVR5c0RxdDhoYWppTDRKZUpyTEFSd3xBQ3Jtc0ttdEQta1lEYjRZZkFlUlBfNGt0U0hCanhHeDdKMFNmZTAwZmdxQ2xqR1l1Z0wxZUF0THZDYUJfajlwXzEtN1lpR0NINWh6THZuM1l3UThxR3NjUEN3MUxEX1otd1JuaDRkQ1NiVXFVcTRKQjhyTGczVQ&q=https%3A%2F%2Fwww.facebook.com%2Fseekeners%2F', 'https://www.youtube.com/redirect?event=channel_description&redir_token=QUFFLUhqbGVkUHpPT0JLQ3VTUnhodjFjT01Md200N293d3xBQ3Jtc0tuLVhQb2hqTmQwYmd6clRUeXFiS0g2bS1xR2ZucFhPZ0RCaVFnQVZXeTJGUU5udGNINVAzLWROa0lSd2hBOTFQMmxHU1hwZVE4a1ItZTRjRlp4UUVidXAzT09oUHB1VkVNaXd4SUh5bTAwYUI4YzRqSQ&q=https%3A%2F%2Ftwitter.com%2FSeeken7', 'https://www.youtube.com/redirect?event=channel_description&redir_token=QUFFLUhqbmh5Qm1uWjFDdUVWYUQ5WnJsTGJ5dVdqOXFnQXxBQ3Jtc0tsNDhyRGwyMXdiejJmWmtfN0dFNTdJTnY0Zkl4S0VhN2dkU3ZiMHRJcDE4Y3o3NGpSNksyYnYtREM5b0w5SUJZNXVHOVg3VWx0b3ZVaEhFTS1QcE9jdXFVamZFU2hHTUpjenNIY29vQUtkdG15OTN6WQ&q=https%3A%2F%2Fwww.instagram.com%2Fseeken101%2F']"
40,40,UCWZtQWpe1C2AksuJ5_eCMAQ,Neon Man,"Welcome to India's #1 YouTube News Channel!

So Hey! My name is Aayush AKA Neon Man..

I keep you guys updated with all the drama/events happening within the Indian/International YouTube community.
I also switch up my content sometimes.

IF ANY CONTENT OWNER HAS SOME ISSUES WITH MY VIDEO PLEASE CONTACT ME OVER THE MAIL GIVEN BELOW.

For business purposes email me at- businessneonman@gmail.com

Toh chalo yaar abh SUBSCRIBE bhi krdo... (NO! I MEAN IT...ABHI KARO)


Kuch zyada hie pasand aa gaya hu toh bhai...you can connect with me on -

Instagram - (@neonman01)",507172318,1820000,1185,2017-04-17T21:14:35Z,UUWZtQWpe1C2AksuJ5_eCMAQ,[]
41,41,UC7adUjW8qMUsqO4HHTbwKgg,NeuzBoy,"Indian YouTube News Channel

For Business Enquiries- (businessmailera@gmail.com)

Assam, India
",383891033,1170000,1025,2019-03-10T03:29:19Z,UU7adUjW8qMUsqO4HHTbwKgg,[]
42,42,UCynZMv6CDy7glTEuQ7up5nA,Roman Mania,The biggest fan Roman Reigns #of THE HEAD OF THE TABLE THE TRIBAL CHIEF,6008183,103000,281,2021-11-22T00:50:56.109721Z,UUynZMv6CDy7glTEuQ7up5nA,"['https://www.youtube.com/channel/UCynZMv6CDy7glTEuQ7up5nA', 'https://www.youtube.com/redirect?event=channel_description&redir_token=QUFFLUhqbXlPc3NXOE5ZaGo5UURGdHVEbndqdDhuTHZOZ3xBQ3Jtc0tuRVJwVU9qXzJJdnN0dGJoYXFjaTRIcDFBcGZLLVRkMmJfMXhXZF8yWndmdkEyQlRPMFJsejFxNmZPazJhUmE3R214d0d1Rl8wbks2U3lVeXhZUWNXMDNraEktelBCQWU3eG1tWWJMOVYwd055VjRyWQ&q=https%3A%2F%2Fwww.instagram.com%2Froman_mania72468%2F', 'https://www.youtube.com/redirect?event=channel_description&redir_token=QUFFLUhqbWpscGhRZ3B0NTY4UXBHSDZiVGJHb044NXI0UXxBQ3Jtc0tsQTFhOEthZGlqZVhMYUpGa3l4WWx1UW1EajdMekpHNE5WaXk0X3ctSHZoWm5JV3Y2VHFaNzVUbmVFV2lMd2lmbGJDVndyMzlvZ3BsQjh3bHYzclQ4UVZhemppZGtwT01KYjc1OEd5eTdkcHpRbVVZTQ&q=https%3A%2F%2Fdiscord.gg%2FqNw2GBZs']"
43,43,UCYLS9TSah19IsB8yyUpiDzg,Jordindian,"Two friends, one from Jordan and the other from India came together and said, ""Hey... Let‚Äôs make some videos"". Hence the journey of Jordindian began. 
If you smile, laugh and/or lose your mind, we're pretty much doing what we set out to do... Have fun and entertain. 

Enjoy! 

Email - thejordindian@gmail.com
FOLLOW US ON
FACEBOOK - Jordindian
INSTAGRAM - @thejordindian
TWITTER - @thejordindian",584652553,2780000,185,2016-11-28T23:54:24Z,UUYLS9TSah19IsB8yyUpiDzg,"['https://www.youtube.com/redirect?event=channel_description&redir_token=QUFFLUhqazNEVzM3REMyaW1Kb2ZvSjdnSmxqM2pPdDhlQXxBQ3Jtc0tucXhieWhucXQ4cmFpV2Rmb01Bc1BqcVVDM0szZU13UWVNTVpSdTNfZjhJc01JS2lnRDlPbFlvOG5pYjJsaTF6VFQtanppRFEyaGdybnRHRmUxcTZIQjRoQzBOMlc5cWtCNnZOSFJXT0xSc1VlZ2xiNA&q=https%3A%2F%2Fwww.instagram.com%2Fthejordindian%2F%3Fhl%3Den', 'https://www.youtube.com/redirect?event=channel_description&redir_token=QUFFLUhqbm5PNEZpejZOZVlYS0lHRi1JeHh4N3VmaTUzUXxBQ3Jtc0ttS1lJc3VtT194MDFIMkgxb0FsajhYN3NSLVF1UnNORWFna3Q4NmNZUTNYTS1BS0NYYUhNV2UzVVdVMy1YWEVrVFQ2cVVFOFRXVFFjbkE1TkgxdEhoSjZsQ3I4MjZmd2ZfZkNyRGNZdDVTcWFpakhGSQ&q=https%3A%2F%2Ftwitter.com%2Fthejordindian', 'https://www.youtube.com/redirect?event=channel_description&redir_token=QUFFLUhqa2ZiSll1RExJZmc3X0Q1Mktzc3FITTZxQkZNd3xBQ3Jtc0trV094N0tVcUF4UDlZb2lOUHVGR0NlUVlLUlhoaXQ0WXR6eGpjdlp1RVhxSk1EeVF2MS1hdWw4dkxNcjUtekhOMjZYQ3FVMkMyODZmVjF5QS1JUk5Sdzdad1hVc1J0dUdWa2tfV3FKWTNWTzFGTV9GYw&q=https%3A%2F%2Fwww.facebook.com%2Fthejordindian%2F']"
44,44,UC1GV2cARf3nSuxdav2JiOCQ,Vivek Desai,"Illusionist | Mentalist | Humanitarian | Liar


",24390585,90400,425,2016-06-06T11:09:03Z,UU1GV2cARf3nSuxdav2JiOCQ,"['https://www.youtube.com/redirect?event=channel_description&redir_token=QUFFLUhqbkxRdk9MSzlIUmxrVkJfSU1MeXRCc1dMM2NNZ3xBQ3Jtc0tuUjh3ZGlLVWxtdXFfLVVEWmxrOHBaSkh0eE1xcXdOMV9OTzBwdmQzdHVSUUVQcC1oYkpXVGRETUlEX2g5b1JUYjItTDVXSEtjaGF0NC1qMFNNeVZ5MXhvMkpMSnl5RWhiY3hXclBfby1pT0xYRThUVQ&q=https%3A%2F%2Fwww.facebook.com%2Fvivekmagic%2F', 'https://www.youtube.com/redirect?event=channel_description&redir_token=QUFFLUhqbHNfajlqZlhRS1QzaWxSa2VBOGpQUEY5ME8zUXxBQ3Jtc0ttSHc1Q3h6em0tNnNqaFktUVNzSkdOT2taQ2RhNGVpekdxM21kdVUteG9sOFZHVUQ3MzJqLWhUQVY1cUlNQno3T1g1aVpJUTY1Nkdod1ZGRmpfX0tzUGFJNWh0X2VCS3NLQ1NmTTk4al9TYUZ1M0RTSQ&q=https%3A%2F%2Fwww.instagram.com%2Fvivekmagic%2F', 'https://www.youtube.com/redirect?event=channel_description&redir_token=QUFFLUhqbjFNR2paSjFzVWR5R0ZCamEyVTN4U2trNFBBQXxBQ3Jtc0tsMW5oS1o4UHVDWW9pZWFnVlZPT2c5LV9pZUk3a2dYajFRVTJweHZVanY4WnRxUG1ESFRzWlFMcTlGYTNkcW9DY3JMU3V0Z2FYaU9GSGo1STNKUWl3YkpGMDFYem4wZnJDMGcyLXlFc25qSzZxaTFHYw&q=https%3A%2F%2Fwww.vivekmagic.com%2F']"
45,45,UCAov2BBv1ZJav0c_yHEciAw,Samay Raina,I do it for the laugh emoji,340523224,1130000,872,2013-09-23T10:11:51Z,UUAov2BBv1ZJav0c_yHEciAw,['https://www.youtube.com/redirect?event=channel_description&redir_token=QUFFLUhqa2pPT1VZVElnbGlZcktNU0twZUoyV2xCVHVzZ3xBQ3Jtc0tuRVI0NFVmM3QybkZNZFRZeUFVaVZ4enpRazhTN2F6d1JERmJMc2JkYmd0cWM4aFBWRFV2RmI5VmlDWUFvdnQwNzd1NUw4bFJjUkJoRnZaYklfcWs3c1lQWnd2X190NWFjUENyTEpSSUZ3dmZMS0VUZw&q=https%3A%2F%2Fwww.redwolf.in%2Fsamay-raina']
46,46,UCJCDyiH2d2Tcy6SymCGYjlw,Log Kya Kahenge,"Serving you with a delicious platter of humour, sarcasm, fun, entertainment, awareness, emotions and romance.

",57763135,503000,157,2015-05-08T03:11:10Z,UUJCDyiH2d2Tcy6SymCGYjlw,"['https://www.youtube.com/redirect?event=channel_description&redir_token=QUFFLUhqbE4zdlBEeE9VMmMycnpocGJsM19tejFmQ1hTQXxBQ3Jtc0ttNlUwZUlhcHYzOTVOWjd4MjRPLWJNVGVMWDAtYlA2aTJFUDN1N1l5Q2Rvb0h2ZnhVYWt1akJycWYtNzlRSzBGOHRDclN1Qk1iSEQ0YnRKS1V0VVl3THBDX01ISFA3NUNQcWF3YTQyeHE2RmJ4ZDFBSQ&q=https%3A%2F%2Fwww.facebook.com%2FLogKyaKahengeHindi%2F%3Fref%3Dpages_you_manage', 'https://www.youtube.com/redirect?event=channel_description&redir_token=QUFFLUhqbk1FcnlhUnIzWVJiaHVsSDlTODVMN3FZSEFuQXxBQ3Jtc0trNjJEdW5YaTg4X3EwcWY2WWVSU2dZcVdjaUdoY0RpTkhMZ3RRR3pOY3E3VmhFVFRmMW5IS2hYVkRWclI1TW55RHB5c0NmVUxXTnJHN2pxS3c5dHBhdUhMaGNRZFA2QXBVMzRzM2UzbzFmQlBLX2ZUNA&q=https%3A%2F%2Fwww.instagram.com%2Flkkoriginals%2F']"
47,47,UChZ0JmGgyOWSU-1iXxPhsVA,Sambhavna Seth Entertainment,"This is the official channel of Sambhavna Seth where she uploads her daily life vlogs with her husband Avinash Dwivedi and three dogs coco, cherry & candy.
Sambhavna seth is an Indian bollywood actress/Dancer/producer featured in many films, reality shows and tv serials like bigg boss, khatro ke khiladi, desi girl, razia sultan, dancing queen etc.

For any queries or feedback please mail us to sambhavnasethentertainment@gmail.com
Or you can write me and send letters to me at
C-202, New Jay Palace, Yari road, Versova, Andheri west, Mumbai-400061



https://en.wikipedia.org/wiki/Sambhavna_Seth

https://twitter.com/sambhavnaseth

https://www.instagram.com/sambhavnasethofficial/

https://www.facebook.com/ImSambhavnaSeth/?fref=ts",1975052135,3460000,1568,2014-07-26T20:05:55Z,UUhZ0JmGgyOWSU-1iXxPhsVA,"['http://www.youtube.com/channel/UChZ0JmGgyOWSU-1iXxPhsVA?sub_confirmation=1', 'https://www.youtube.com/redirect?event=channel_description&redir_token=QUFFLUhqbGwzYUFWemdNQ1NzSmJ1Q1N4M1VkQ0o0emtGZ3xBQ3Jtc0tuZVNpSVFtcy1VeXhQTjI4c01jNXZhc3FlejFXMzV4bXFoamdJcG9xcEE5eVkzOHpWUE1kay1RVVhBQkdINVVDSW8wVkpWRS02TXQ2UkRCdWxacXJSell2ZGtXcGRqR3RfQjJaNFFpdUdZcHl1aE9Idw&q=https%3A%2F%2Fwww.facebook.com%2FImSambhavnaSeth%2F%3Ffref%3Dts', 'https://www.youtube.com/redirect?event=channel_description&redir_token=QUFFLUhqbnNqVlg4RmxFSlZ4M2pPOW5jd2N1N0pkX1pCd3xBQ3Jtc0trYzV0TkFOaGdRa0NLVmxhdWtVNm1TWlBTQlFSYy1vdGthWWRQZEY0ak41RjlDdTIwbDFCMGstXzE5S2d5WWhCNUZ4Z0x2TFVkbmtxVlZKSllzZXpNOW05aVVJbkZIUW5OSmx4UTVZbnQ0eG5QeU84dw&q=https%3A%2F%2Ftwitter.com%2Fsambhavnaseth', 'https://www.youtube.com/redirect?event=channel_description&redir_token=QUFFLUhqbmlGTmxRUkRZdTJYSVRvMFFnSkpxR2o4WWl5UXxBQ3Jtc0trdFI3UnpueW9yWDN0S3h4Q3lZemt4VWphbzRscV9VLW5jS19SRjc1cTdnOVdkVEZ2Yncwbmx2NHBPMkc5dElCWGVXRzByeEdBa1JwN3Qyb0ZzMjFPZ01vLUNzUXBrMmVfckZTYkZWTzk3b2liTGtpRQ&q=https%3A%2F%2Fwww.instagram.com%2Fsambhavnasethofficial%2F']"
48,48,UC8mlgT6I0aSexwFPsOgMG_g,ANS Entertainment,"ans entertainment is an entertainment  channel if you like my video  so    make sure you press subscribe button now  _____________________________
OWNER OF CHANNEL    
ASHU   AND   FAIZAN 
____________________________
                       
Copyright Disclaimer Under  Section 107 of
the Copyright Act 1976, allowance is made
for ""fair use"" for purposes such as criticism,
commenting, news reporting, teaching,
scholarship, and research. Fair use is a use
permitted by copyright statute that might
otherwise be infringing. Non-profit, educational
or personal use tips the balance in favor of fair
All compilation is accompanied by awesome
music.
ans entertainment not own the rights to these
video clips. They have, in accordance with
fair use, been repurposed with the intent of
educating and inspiring others.
",102133580,1390000,123,2016-10-15T20:15:26Z,UU8mlgT6I0aSexwFPsOgMG_g,[]
49,49,UCM-yUTYGmrNvKOCcAl21g3w,Jenny's Lectures CS IT,"Jenny‚Äôs Lectures CS IT is a Free YouTube Channel providing Computer Science / Information Technology / Computer-related tutorials including NET & JRF Coaching Videos, GATE Coaching Videos, UGC NET, NTA NET, JRF, BTech, MTech, Ph.D., tips and other helpful videos for Computer Science / Information Technology students. Teaching Computer Science in Informal Space. ",126587245,1170000,600,2019-01-19T18:46:22Z,UUM-yUTYGmrNvKOCcAl21g3w,"['https://www.youtube.com/redirect?event=channel_description&redir_token=QUFFLUhqbXY3dFgwR1BpdzEwSnhmUjFweXNVWUktLUk4UXxBQ3Jtc0trdHozYmNwS2tUOGtCcVJyZDBxWktiOVB2ZmdzRUpnY0JtcHBHQ2pIeW9JbmlKajM0RU9vUURaX1d1cmI5cGZQY1JHakF5S3BpU1puQlNFa3BmZ3FpbS0wZFRNbTRnZXV1bHQzTTh0Yy1iUHl3QmxVTQ&q=https%3A%2F%2Fwww.instagram.com%2Fjayantikhatrilamba%2F', 'https://www.youtube.com/redirect?event=channel_description&redir_token=QUFFLUhqbFJ3ZWJCbkpZYjBnRV90eFhFSFV4bDhSQ285UXxBQ3Jtc0trb3VWcERBa3JrckZaekI1Y2U3LVR6bkdMenJRMHVPZ1VSbGEzOXFScmlGTzJhUzdjMlNRaG1NekJjcWp2azdKeGN3akVvWXozODRuSXdRbzJ3ZmVsX2NzdDZoblU2ckNSbUJwMFJzRkxiTkRFQWN2TQ&q=https%3A%2F%2Ftwitter.com%2FKhatriJenny', 'https://www.youtube.com/redirect?event=channel_description&redir_token=QUFFLUhqbmUybUJ6d2E4TkxORVpwZWtWOG9OUWh3bVJSd3xBQ3Jtc0tuLTBQNUctbkZvVzdwa3NjSnVfM1h3bW93R0hWZnhRd3JpUUhnRU9LYTFBNy1UaHNyZV9ROVo5NnlCTXpWMDMyQk5LTWZnVHlKdDlDSkR4d1ZqdFBXV2ZoM1pCR3Z0Nkd1TDFoeFJHaTdTWVZ5aFY4QQ&q=https%3A%2F%2Fwww.quora.com%2Fprofile%2FJayanti-Khatri-Lamba', 'https://www.youtube.com/redirect?event=channel_description&redir_token=QUFFLUhqa0lrNmc2Z3RpQUVyaVIxRXJvMXN4QkdSeVpQZ3xBQ3Jtc0trUGVBaFVtZ0NZSE5Fel9YaFBhNElHTFBQSHd2cjRJY1JFb0laczdtTG43aXVVVzROc1BSZm9LNWlEc21LdVl0dldocEkyaXhZYnpFTVBCVWIzLU1Od3RSdGJaa2dSanJYY0dVQnBFM25PeWxrZ0VCTQ&q=https%3A%2F%2Fwww.facebook.com%2FJennys-Lectures-CSIT-Netjrf-316814368950701%2F']"
